<?xml version="1.0" encoding="UTF-8"?>
<ExportConfiguration xmlns="http://www.soa.com/uri/products/ServiceManagerMigration/xsd/1.0" xmlns:ns10="http://soa.com/uri/products/IdentityAuthorization/xsd/1.0" xmlns:ns11="http://soa.com/uri/products/Policy/xsd/1.0" xmlns:ns12="http://digev.com/uri/products/AlertManager/xsd/1.0" xmlns:ns13="http://soa.com/uri/products/Contracts/xsd/1.0" xmlns:ns14="http://digev.com/uri/products/PolicyManager/xsd/1.0" xmlns:ns15="urn:uddi-org:sub_v3" xmlns:ns2="http://digev.com/uri/products/Types/xsd/1.0" xmlns:ns3="http://digev.com/uri/products/ManagementServer/xsd/1.0" xmlns:ns4="http://www.soa.com/uri/products/SLAPolicy/xsd/1.0" xmlns:ns5="urn:uddi-org:api_v3" xmlns:ns6="http://www.w3.org/2000/09/xmldsig#" xmlns:ns7="http://soa.com/uri/products/ServiceProperties/1.0" xmlns:ns8="http://soa.com/uri/products/ServiceEndpointProperties/1.0" xmlns:ns9="http://soa.com/uri/products/Organization/xsd/1.0"><SourceOrganization><ns2:Key>uddi:soa.com:registryorganization</ns2:Key></SourceOrganization><ExportObjectConfiguration><ns2:OrganizationKey><ns2:Key>uddi:ca342d69-ed49-11e4-b945-869d084cbfc5</ns2:Key></ns2:OrganizationKey><ExportOrganization><ns9:Organization><ns9:OrganizationKey><ns2:Key>uddi:ca342d69-ed49-11e4-b945-869d084cbfc5</ns2:Key></ns9:OrganizationKey><ns9:ParentKey><ns2:Key>uddi:soa.com:registryorganization</ns2:Key></ns9:ParentKey><ns9:Name>Box to MailChimp Integrator</ns9:Name><ns9:Description></ns9:Description><ns9:OrganizationType>Project</ns9:OrganizationType></ns9:Organization><ns5:businessEntity businessKey="uddi:ca342d69-ed49-11e4-b945-869d084cbfc5"><ns5:name>Box to MailChimp Integrator</ns5:name><ns5:categoryBag><ns5:keyedReferenceGroup tModelKey="uddi:soa.com:organization:group"><ns5:keyedReference keyName="Organization type" keyValue="Project" tModelKey="uddi:soa.com:categorization:organizationtype"/></ns5:keyedReferenceGroup></ns5:categoryBag></ns5:businessEntity></ExportOrganization></ExportObjectConfiguration><ExportObjectConfiguration><ns2:BpelKey><ns2:Key>bpel:c1506576-ed52-11e4-b945-869d084cbfc5</ns2:Key></ns2:BpelKey><ExportBpel><BpelUri>bpels/bpel_c1506576-ed52-11e4-b945-869d084cbfc5.xml</BpelUri></ExportBpel></ExportObjectConfiguration><ExportObjectConfiguration><ns2:BpelKey><ns2:Key>bpel:2c3a6bc4-ed9a-11e4-b945-869d084cbfc5</ns2:Key></ns2:BpelKey><ExportBpel><BpelUri>bpels/bpel_2c3a6bc4-ed9a-11e4-b945-869d084cbfc5.xml</BpelUri></ExportBpel></ExportObjectConfiguration><ExportObjectConfiguration><ns2:BpelKey><ns2:Key>bpel:884ce085-ee19-11e4-b945-869d084cbfc5</ns2:Key></ns2:BpelKey><ExportBpel><BpelUri>bpels/bpel_884ce085-ee19-11e4-b945-869d084cbfc5.xml</BpelUri></ExportBpel></ExportObjectConfiguration><ExportObjectConfiguration><ns2:BpelKey><ns2:Key>bpel:282e125d-ed4d-11e4-b945-869d084cbfc5</ns2:Key></ns2:BpelKey><ExportBpel><BpelUri>bpels/bpel_282e125d-ed4d-11e4-b945-869d084cbfc5.xml</BpelUri></ExportBpel></ExportObjectConfiguration><ExportObjectConfiguration><ns2:BpelKey><ns2:Key>bpel:feec6533-ed4c-11e4-b945-869d084cbfc5</ns2:Key></ns2:BpelKey><ExportBpel><BpelUri>bpels/bpel_feec6533-ed4c-11e4-b945-869d084cbfc5.xml</BpelUri></ExportBpel></ExportObjectConfiguration><ExportObjectConfiguration><ns2:InterfaceKey><ns2:Key>uddi:e3f0f8e7-4c20-ce19-c0a0-5daceb1a1ba8</ns2:Key><ns2:InterfaceQName>{http://localhost:9905/mailchimp_int}Box_to_MailChimp_Integrator_PortType</ns2:InterfaceQName></ns2:InterfaceKey><ExportInterface><ns5:tModel deleted="false" tModelKey="uddi:e3f0f8e7-4c20-ce19-c0a0-5daceb1a1ba8"><ns5:name>Box_to_MailChimp_Integrator_PortType</ns5:name><ns5:categoryBag><ns5:keyedReference keyName="portType namespace" keyValue="http://localhost:9905/mailchimp_int" tModelKey="uddi:uddi.org:xml:namespace"/><ns5:keyedReference keyName="WSDL type" keyValue="portType" tModelKey="uddi:uddi.org:wsdl:types"/></ns5:categoryBag></ns5:tModel><InterfaceWsdlUri>wsdls/uddi_e3f0f8e7-4c20-ce19-c0a0-5daceb1a1ba8.wsdl</InterfaceWsdlUri></ExportInterface></ExportObjectConfiguration><ExportObjectConfiguration><ns2:BindingKey><ns2:Key>uddi:1d914323-ee3c-b3f9-3cd7-a098441fec87</ns2:Key><ns2:BindingQName>{http://localhost:9905/mailchimp_int}Box_to_MailChimp_Integrator_Binding</ns2:BindingQName><ns2:BindingType>binding.http</ns2:BindingType></ns2:BindingKey><ExportBinding><ns5:tModel deleted="false" tModelKey="uddi:1d914323-ee3c-b3f9-3cd7-a098441fec87"><ns5:name>Box_to_MailChimp_Integrator_Binding</ns5:name><ns5:categoryBag><ns5:keyedReference keyName="binding namespace" keyValue="http://localhost:9905/mailchimp_int" tModelKey="uddi:uddi.org:xml:namespace"/><ns5:keyedReference keyName="WSDL type" keyValue="binding" tModelKey="uddi:uddi.org:wsdl:types"/><ns5:keyedReference keyName="uddi-org:types" keyValue="wsdlSpec" tModelKey="uddi:uddi.org:categorization:types"/><ns5:keyedReference keyName="portType Reference" keyValue="uddi:e3f0f8e7-4c20-ce19-c0a0-5daceb1a1ba8" tModelKey="uddi:uddi.org:wsdl:porttypereference"/></ns5:categoryBag></ns5:tModel><BindingWsdlUri>wsdls/uddi_1d914323-ee3c-b3f9-3cd7-a098441fec87.wsdl</BindingWsdlUri></ExportBinding></ExportObjectConfiguration><ExportObjectConfiguration><ns2:ServiceKey><ns2:Key>uddi:030661c4-ed4a-11e4-b945-869d084cbfc5</ns2:Key><ns2:ServiceQName>{http://localhost:9905/mailchimp_int}Box_to_MailChimp_Integrator</ns2:ServiceQName></ns2:ServiceKey><ExportService><ns3:VirtualService BusinessKey="uddi:ca342d69-ed49-11e4-b945-869d084cbfc5" ServiceKey="uddi:030661c4-ed4a-11e4-b945-869d084cbfc5" WsdlServiceLocalName="Box_to_MailChimp_Integrator" WsdlTargetNamespaceUrl="http://localhost:9905/mailchimp_int"><ns3:Name>Box_to_MailChimp_Integrator</ns3:Name><ns3:Description></ns3:Description><ns3:Operations><ns3:LogicalOperation InterfaceName="{http://localhost:9905/mailchimp_int}Box_to_MailChimp_Integrator_PortType" ManagementState="Enabled" NextHopOperationKey="uddi:ddae6cd0-e4ca-11e4-94bf-b0d1b8a1a875$$${https://api.box.com/2.0}Box_Content_API_PortType$$$GET__files__id__content" NextHopOperationName="POST /lists/list.json" NextHopServiceKey="uddi:7347353f-e966-11e4-94bf-b0d1b8a1a875" NextHopServiceName="Mail_Chimp_API_vs0" NumOfVirtualizedOperations="0" OperationKey="036c4f88-ed4a-11e4-b945-869d084cbfc5" OperationLastUpdatedAt="2015-04-29T04:14:52.710Z" OperationName="POST /prospects" PolicyAvailable="true" ServiceKey="uddi:030661c4-ed4a-11e4-b945-869d084cbfc5" WsdlOperationName="POST__prospects"><ns3:NextHopOperation InterfaceName="{https://dc.api.mailchimp.com/2.0}Mail_Chimp_API_PortType" OperationKey="3ad1b7d6-eada-11e4-b945-869d084cbfc5" OperationLastUpdatedAt="2015-04-29T02:48:48.433Z" OperationName="POST /lists/list.json" ServiceKey="uddi:7347353f-e966-11e4-94bf-b0d1b8a1a875" ServiceName="Mail_Chimp_API_vs0" WsdlOperationName="POST__lists_list.json"/></ns3:LogicalOperation></ns3:Operations></ns3:VirtualService><ns5:businessService businessKey="uddi:ca342d69-ed49-11e4-b945-869d084cbfc5" serviceKey="uddi:030661c4-ed4a-11e4-b945-869d084cbfc5"><ns5:name>Box_to_MailChimp_Integrator</ns5:name><ns5:bindingTemplates><ns5:bindingTemplate bindingKey="uddi:03a030cc-ed4a-11e4-b945-869d084cbfc5" serviceKey="uddi:030661c4-ed4a-11e4-b945-869d084cbfc5"><ns5:accessPoint useType="endPoint">http://localhost:9905/mailchimp_int</ns5:accessPoint><ns5:tModelInstanceDetails><ns5:tModelInstanceInfo tModelKey="uddi:1d914323-ee3c-b3f9-3cd7-a098441fec87"><ns5:description>The wsdl:binding that this wsdl:port implements. The instanceParms specifies the port local name.</ns5:description><ns5:instanceDetails><ns5:instanceParms>HTTP</ns5:instanceParms></ns5:instanceDetails></ns5:tModelInstanceInfo><ns5:tModelInstanceInfo tModelKey="uddi:e3f0f8e7-4c20-ce19-c0a0-5daceb1a1ba8"><ns5:description>The wsdl:portType that this wsdl:port implements.</ns5:description></ns5:tModelInstanceInfo></ns5:tModelInstanceDetails><ns5:categoryBag><ns5:keyedReference keyName="WSDL type" keyValue="port" tModelKey="uddi:uddi.org:wsdl:types"/><ns5:keyedReferenceGroup tModelKey="uddi:soa.com:serviceendpoint:group"><ns5:keyedReference keyName="containerKey" keyValue="283b5d7c-b1dc-456d-ad3d-98cb1fc5" tModelKey="uddi:soa.com:serviceendpoint:containername"/><ns5:keyedReference keyName="listenerName" keyValue="default-http0" tModelKey="uddi:soa.com:serviceendpoint:listenername"/></ns5:keyedReferenceGroup></ns5:categoryBag></ns5:bindingTemplate></ns5:bindingTemplates><ns5:categoryBag><ns5:keyedReference keyName="Virtual Service" keyValue="Virtual Service" tModelKey="uddi:digev.com:categorization:services"/><ns5:keyedReference keyName="Design" keyValue="Design" tModelKey="uddi:soa.com:servicelifecyclestage"/><ns5:keyedReference keyName="WSDL type" keyValue="service" tModelKey="uddi:uddi.org:wsdl:types"/><ns5:keyedReference keyName="service namespace" keyValue="http://localhost:9905/mailchimp_int" tModelKey="uddi:uddi.org:xml:namespace"/><ns5:keyedReference keyName="service local name" keyValue="Box_to_MailChimp_Integrator" tModelKey="uddi:uddi.org:xml:localname"/><ns5:keyedReference keyName="Managed Service" keyValue="Managed Service" tModelKey="uddi:digev.com:categorization:services"/><ns5:keyedReferenceGroup tModelKey="uddi:soa.com:service:group"><ns5:keyedReference keyName="WSDL Url" keyValue="Box to MailChimp Integrator.raml" tModelKey="uddi:soa.com:wsdl:location"/></ns5:keyedReferenceGroup></ns5:categoryBag></ns5:businessService><ExportServiceEndpoint><ns8:ServiceEndpoint><ns8:ServiceKey>uddi:030661c4-ed4a-11e4-b945-869d084cbfc5</ns8:ServiceKey><ns8:Name>uddi:03a030cc-ed4a-11e4-b945-869d084cbfc5</ns8:Name><ns8:Url>http://localhost:9905/mailchimp_int</ns8:Url><ns8:BindingQName>{http://localhost:9905/mailchimp_int}Box_to_MailChimp_Integrator_Binding</ns8:BindingQName><ns8:PortName>HTTP</ns8:PortName><ns8:Protocol>http</ns8:Protocol><ns8:ContainerKey>283b5d7c-b1dc-456d-ad3d-98cb1fc5</ns8:ContainerKey><ns8:ListenerName>default-http0</ns8:ListenerName></ns8:ServiceEndpoint><EndpointWsdlUri>wsdls/uddi_03a030cc-ed4a-11e4-b945-869d084cbfc5.wsdl</EndpointWsdlUri></ExportServiceEndpoint><BpelUri>services/uddi_030661c4-ed4a-11e4-b945-869d084cbfc5/bpel.xml</BpelUri><ManagementUri>services/uddi_030661c4-ed4a-11e4-b945-869d084cbfc5/management.xml</ManagementUri></ExportService></ExportObjectConfiguration><ExportObjectConfiguration><ns2:ContractKey><ns2:Key>e15e8e6e-ed59-11e4-b945-869d084cbfc5</ns2:Key></ns2:ContractKey><ExportContract><ns13:Contract><ns13:ContractInfo Anonymous="true" Key="e15e8e6e-ed59-11e4-b945-869d084cbfc5:1031" Name="Anonymous" State="Active"><ns13:Description></ns13:Description><ns13:ProviderOrganizationKey>uddi:ca342d69-ed49-11e4-b945-869d084cbfc5</ns13:ProviderOrganizationKey><ns2:EffectiveDateTimes><ns2:StartDateTime><ns2:DateTime>2015-04-28T03:51:00Z</ns2:DateTime><ns2:TimezoneName>UTC</ns2:TimezoneName></ns2:StartDateTime><ns2:EndDateTime><ns2:DateTime>2016-04-27T03:51:00Z</ns2:DateTime><ns2:TimezoneName>UTC</ns2:TimezoneName></ns2:EndDateTime><ns2:Expire>false</ns2:Expire></ns2:EffectiveDateTimes><ns13:ContractVersionInfo><ns13:LastModifiedTimestamp>2015-04-28Z</ns13:LastModifiedTimestamp><ns13:User>Local Domain\administrator</ns13:User><ns13:MetadataVersion>1</ns13:MetadataVersion><ns13:ActiveMetadataVersion>1</ns13:ActiveMetadataVersion></ns13:ContractVersionInfo><ns13:ContractType>service.contract</ns13:ContractType></ns13:ContractInfo><ns13:ContractScope><ns2:OrganizationKey>uddi:ca342d69-ed49-11e4-b945-869d084cbfc5</ns2:OrganizationKey></ns13:ContractScope></ns13:Contract></ExportContract></ExportObjectConfiguration><ExportObjectConfiguration><ns2:IdentityKey><ns2:Key>Local Domain\hNAYE01dZYBFNnSOMkw3Fw==</ns2:Key><ns2:DomainName>Local Domain</ns2:DomainName><ns2:UserName>hNAYE01dZYBFNnSOMkw3Fw==</ns2:UserName></ns2:IdentityKey><ExportUserIdentity><ns14:User DomainName="Local Domain" UserName="hNAYE01dZYBFNnSOMkw3Fw=="><ns14:FullName>Service: uddi:030661c4-ed4a-11e4-b945-869d084cbfc5</ns14:FullName><ns14:IdentityKey>urn:uuid:030b1cb5-ed4a-11e4-b945-869d084cbfc5</ns14:IdentityKey><ns14:Password>nAW+VCzxsbvtqXrshL3BgmHNz6IgjjGOL0JB3mXgXQshTI0Rx87v2KpOnMuD8Crb5dEECv7Ye6cfDFRV/v9w3Q==</ns14:Password><ns14:Disabled>false</ns14:Disabled><ns14:ForcePwdResetOnNextLogin>false</ns14:ForcePwdResetOnNextLogin><ns14:Expired>false</ns14:Expired><ns14:ReadOnly>true</ns14:ReadOnly><ns14:PasswordFrmSeed>0</ns14:PasswordFrmSeed><ns14:OrganizationKey>uddi:soa.com:registryorganization</ns14:OrganizationKey><ns14:PasswordSalt>03kLy6B49eBcCIuDDfW1/disALi1Yc77GvM08htwFk6SaXWB9DZboGEVwBOgyIo01vPDOkuZS17xYYfDZ/NwOA==</ns14:PasswordSalt></ns14:User><PKIGenerated>true</PKIGenerated></ExportUserIdentity></ExportObjectConfiguration></ExportConfiguration>