<?xml version="1.0" encoding="UTF-8"?>
<process name="RetrieveBoxProspects" ns11:description="" ns11:name="RetrieveBoxProspects" ns11:orgKey="uddi:ca342d69-ed49-11e4-b945-869d084cbfc5" ns2:processKey="bpel:c1506576-ed52-11e4-b945-869d084cbfc5" targetNamespace="http://soa.com/processs" xmlns="http://schemas.xmlsoap.org/ws/2003/03/business-process/" xmlns:ns10="http://soa.com/capabilities/service/virtualization/bpel/activity" xmlns:ns11="http://soa.com/bpel/export" xmlns:ns2="http://soa.com/bpel/ext" xmlns:ns3="http://soa.com/capabilities/service/virtualization/bpel" xmlns:ns4="http://schemas.xmlsoap.org/ws/2006/02/addressingidentity" xmlns:ns5="http://www.w3.org/2000/09/xmldsig#" xmlns:ns6="http://docs.oasis-open.org/wss/2004/01/oasis-200401-wss-wssecurity-secext-1.0.xsd" xmlns:ns7="http://docs.oasis-open.org/wss/2004/01/oasis-200401-wss-wssecurity-utility-1.0.xsd" xmlns:ns8="http://schemas.xmlsoap.org/ws/2004/09/mex" xmlns:ns9="http://schemas.xmlsoap.org/ws/2003/05/partner-link/"><ns9:partnerLinkType name="Box_Content_API_PortTypeConsumer"><ns9:role name="Consumer"><ns9:portType name="ns12:Box_Content_API_PortType" xmlns:ns12="https://api.box.com/2.0"/></ns9:role></ns9:partnerLinkType><ns9:partnerLinkType name="ActivityPortTypeConsumer"><ns9:role name="Consumer"><ns9:portType name="ns10:ActivityPortType"/></ns9:role></ns9:partnerLinkType><ns10:Activities><ns10:Activity ActivityType="ns12:ScriptedActivity" LastUpdated="1430280892516" Name="ConfigFileSearch" xmlns:ns12="http://soa.com/uri/products/activity/script/xsd/1.0"><ns2:ScriptedActivity xmlns="http://soa.com/uri/products/activity/audit/xsd/1.0" xmlns:ns11="http://soa.com/uri/products/activity/script/xsd/1.0" xmlns:ns2="http://soa.com/uri/products/activity/script/xsd/1.0" xmlns:ns3="http://soa.com/uri/products/activity/stripxml/xsd/1.0" xmlns:ns4="http://soa.com/uri/products/activity/xform/xsd/1.0" xmlns:ns5="http://soa.com/uri/products/activity/process/xsd/1.0" xmlns:ns6="http://soa.com/uri/products/activity/insertxml/xsd/1.0" xmlns:ns7="http://soa.com/uri/products/activity/insertcontent/xsd/1.0"><ns11:Language>js</ns11:Language><ns11:Script>// *************************************************************
// *************************************************************
// **
// **  HTTP request configuration Script
// **
// **  Creates the Message Object to be used by the Box API Hook
// **	 to search for a file on the Box drive
// **
// *************************************************************
// *************************************************************
auditLog.debug("Start Config get Box File ID");

//Create new message for invoke
var boxSearch = msgFactory.create();

var msg = processContext.getVariable("message");
var key = processContext.getVariable("BoxKey");
auditLog.debug("authKey is: "+key);
var file = processContext.getVariable("FileName");;
auditLog.debug("file path/name is: "+file);

//SetQuery parameters
//var newQueryString = encodeURIContent("query=mailchimp/mailchimp_test.csv&amp;type=file");
var newQueryString = "query="+encodeURIComponent(file)+"&amp;type=file";
auditLog.debug("query is: "+newQueryString);
	
//Set new query string
boxSearch.setProperty("com.soa.message.TRANSPORT_QUERY", newQueryString.toString());

headers = boxSearch.createTransportHeaders();
headers.add("authKey",key);

processContext.setVariable("BoxSearch", boxSearch);

auditLog.debug("Done Config get Box File ID");

</ns11:Script></ns2:ScriptedActivity></ns10:Activity><ns10:Activity ActivityType="ns12:ScriptedActivity" LastUpdated="1430280892516" Name="StoreFileID" xmlns:ns12="http://soa.com/uri/products/activity/script/xsd/1.0"><ns2:ScriptedActivity xmlns="http://soa.com/uri/products/activity/audit/xsd/1.0" xmlns:ns11="http://soa.com/uri/products/activity/script/xsd/1.0" xmlns:ns2="http://soa.com/uri/products/activity/script/xsd/1.0" xmlns:ns3="http://soa.com/uri/products/activity/stripxml/xsd/1.0" xmlns:ns4="http://soa.com/uri/products/activity/xform/xsd/1.0" xmlns:ns5="http://soa.com/uri/products/activity/process/xsd/1.0" xmlns:ns6="http://soa.com/uri/products/activity/insertxml/xsd/1.0" xmlns:ns7="http://soa.com/uri/products/activity/insertcontent/xsd/1.0"><ns11:Language>js</ns11:Language><ns11:Script>// *************************************************************
// *************************************************************
// **
// **  store the file ID
// **
// *************************************************************
// *************************************************************
auditLog.debug("start store file ID");

var msg = processContext.getVariable("BoxSearchResponse");
var content = JSON.parse(msg.getContentAsString());
var id = content.entries[0].id;
auditLog.debug("the file id is: " + id);

if ( id != null || id || undefined){
	processContext.setVariable("FileID", id);
} else {
	processContext.setVariable("FileID", "-1");
};

auditLog.debug("end store file ID");</ns11:Script></ns2:ScriptedActivity></ns10:Activity><ns10:Activity ActivityType="ns12:ScriptedActivity" LastUpdated="1430280892516" Name="ConfigFileGet" xmlns:ns12="http://soa.com/uri/products/activity/script/xsd/1.0"><ns2:ScriptedActivity xmlns="http://soa.com/uri/products/activity/audit/xsd/1.0" xmlns:ns11="http://soa.com/uri/products/activity/script/xsd/1.0" xmlns:ns2="http://soa.com/uri/products/activity/script/xsd/1.0" xmlns:ns3="http://soa.com/uri/products/activity/stripxml/xsd/1.0" xmlns:ns4="http://soa.com/uri/products/activity/xform/xsd/1.0" xmlns:ns5="http://soa.com/uri/products/activity/process/xsd/1.0" xmlns:ns6="http://soa.com/uri/products/activity/insertxml/xsd/1.0" xmlns:ns7="http://soa.com/uri/products/activity/insertcontent/xsd/1.0"><ns11:Language>js</ns11:Language><ns11:Script>// *************************************************************
// *************************************************************
// **
// **  HTTP request configuration Script
// **
// **  Creates the Message Object to be used by the Box API Hook
// **	 to contents of a file on the Box drive
// **
// *************************************************************
// *************************************************************
auditLog.debug("Start Config get Box File Contents");

//Create new message for invoke
var boxMessage = msgFactory.create();
var key = processContext.getVariable("BoxKey");
auditLog.debug("authKey is: "+key);
var id = processContext.getVariable("FileID");
auditLog.debug("file id is: "+id);

//set the URL parms
var paraprop = new java.util.HashMap();
paraprop.put("id", id);
boxMessage.setProperty("http.binding.path.params", paraprop);

headers = boxMessage.createTransportHeaders();
headers.add("authKey",key);

processContext.setVariable("BoxMessage", boxMessage);

auditLog.debug("Done Config get Box File Contents");

</ns11:Script></ns2:ScriptedActivity></ns10:Activity><ns10:Activity ActivityType="ns12:ScriptedActivity" LastUpdated="1430280892516" Name="CacheFileContents" xmlns:ns12="http://soa.com/uri/products/activity/script/xsd/1.0"><ns2:ScriptedActivity xmlns="http://soa.com/uri/products/activity/audit/xsd/1.0" xmlns:ns11="http://soa.com/uri/products/activity/script/xsd/1.0" xmlns:ns2="http://soa.com/uri/products/activity/script/xsd/1.0" xmlns:ns3="http://soa.com/uri/products/activity/stripxml/xsd/1.0" xmlns:ns4="http://soa.com/uri/products/activity/xform/xsd/1.0" xmlns:ns5="http://soa.com/uri/products/activity/process/xsd/1.0" xmlns:ns6="http://soa.com/uri/products/activity/insertxml/xsd/1.0" xmlns:ns7="http://soa.com/uri/products/activity/insertcontent/xsd/1.0"><ns11:Language>js</ns11:Language><ns11:Script>// *************************************************************
// *************************************************************
// **
// **  append the contents to a cache file
// **
// *************************************************************
// *************************************************************
importClass(java.io.File);
importClass(java.io.FileOutputStream);
importClass(java.io.PrintStream);

auditLog.debug("apending to existing file");

var msg = processContext.getVariable("BoxResponse");
var lead = msg.getContentAsString();
var lines = lead.split(/\r?\n/);
auditLog.debug("the prospect details are: " + String(lead));
var f = new java.io.File("propects.csv"); 
	// create new file in the system
   f.createNewFile();
        if (f.exists()) {
           auditLog.debug("File exists");
			  // returns absolute pathname
           var path = f.getAbsolutePath();
			  var out = new java.io.FileOutputStream(f,false);
           var prt = new java.io.PrintStream(out);
			  for(var i = 0;i &lt; lines.length;i++){
			  	prt.println(lines[i]+ String.fromCharCode(13));
			  }
           prt.close();
			  out.close();
			  auditLog.debug("Finished appending to File");
			  auditLog.debug("the file is at: " + path);
			  processContext.setVariable("path", path);
        } else {
           auditLog.debug("File does not exist");
			  throw "File does not exist";
        } </ns11:Script></ns2:ScriptedActivity></ns10:Activity><ns10:Activity ActivityType="ns12:ScriptedActivity" LastUpdated="1430280892516" Name="getCachedContents" xmlns:ns12="http://soa.com/uri/products/activity/script/xsd/1.0"><ns2:ScriptedActivity xmlns="http://soa.com/uri/products/activity/audit/xsd/1.0" xmlns:ns11="http://soa.com/uri/products/activity/script/xsd/1.0" xmlns:ns2="http://soa.com/uri/products/activity/script/xsd/1.0" xmlns:ns3="http://soa.com/uri/products/activity/stripxml/xsd/1.0" xmlns:ns4="http://soa.com/uri/products/activity/xform/xsd/1.0" xmlns:ns5="http://soa.com/uri/products/activity/process/xsd/1.0" xmlns:ns6="http://soa.com/uri/products/activity/insertxml/xsd/1.0" xmlns:ns7="http://soa.com/uri/products/activity/insertcontent/xsd/1.0"><ns11:Language>js</ns11:Language><ns11:Script>// *************************************************************
// *************************************************************
// **
// **  read the updated file from the file system, configure it,
// **  and store it to be used in the MailChimp upload
// ** 
// **
// *************************************************************
// *************************************************************
importClass(java.io.FileInputStream);
importClass(java.io.InputStreamReader);
importClass(java.io.BufferedReader);

auditLog.debug("starting the read of the file");

var iStream = new java.io.InputStreamReader(new java.io.FileInputStream(new java.lang.String(path)));
var br = new java.io.BufferedReader(iStream);
var ready = br.ready();
var file =  "";
while (ready) {
	file = file + br.readLine()+ String.fromCharCode(13);
	ready = br.ready();
};
br.close();
iStream.close();

auditLog.debug(path+" contents are: "+file);

processContext.setVariable("FileContent", file);

auditLog.debug("finished the read of the file");</ns11:Script></ns2:ScriptedActivity></ns10:Activity><ns10:Activity ActivityType="ns12:ScriptedActivity" LastUpdated="1430280892517" Name="CreateMailChimpContent" xmlns:ns12="http://soa.com/uri/products/activity/script/xsd/1.0"><ns2:ScriptedActivity xmlns="http://soa.com/uri/products/activity/audit/xsd/1.0" xmlns:ns11="http://soa.com/uri/products/activity/script/xsd/1.0" xmlns:ns2="http://soa.com/uri/products/activity/script/xsd/1.0" xmlns:ns3="http://soa.com/uri/products/activity/stripxml/xsd/1.0" xmlns:ns4="http://soa.com/uri/products/activity/xform/xsd/1.0" xmlns:ns5="http://soa.com/uri/products/activity/process/xsd/1.0" xmlns:ns6="http://soa.com/uri/products/activity/insertxml/xsd/1.0" xmlns:ns7="http://soa.com/uri/products/activity/insertcontent/xsd/1.0"><ns11:Language>js</ns11:Language><ns11:Script>// *************************************************************
// *************************************************************
// **
// **  create the JSON required for the MailChimp upload
// ** 
// **
// *************************************************************
// *************************************************************

auditLog.debug("starting the creation of the JSON");

var content = String(processContext.getVariable("FileContent"));
auditLog.debug("the cached content is: "+content);

var lines = content.split(String.fromCharCode(13));
var mcContent = JSON.parse('{"apikey":"'+processContext.getVariable("APIKey")+'","id":"'+processContext.getVariable("ListID")+'","batch":[],"update_existing": true,"replace_interests": true}');

for(var i = 0;i &lt; lines.length-2;i++){
	var line = lines[i].split(',');
	
	var batchString = '{"email":{"email":"'+line[0]+'"},"email_type":"html","merge_vars": {"EMAIL": "'+line[0]+'","FNAME": "'+line[1]+'","LNAME": "'+line[2]+'"}}';
	
	auditLog.debug("the email JSON element is: "+batchString);
	
	mcContent['batch'].push(JSON.parse(batchString));
	
};
auditLog.debug("the final JSON content is: "+JSON.stringify(mcContent));

processContext.setVariable("Prospects",JSON.stringify(mcContent));

auditLog.debug("finished the creation of the JSON");</ns11:Script></ns2:ScriptedActivity></ns10:Activity><ns10:Activity ActivityType="ns12:ScriptedActivity" LastUpdated="1430280892517" Name="ThrowNoIDError" xmlns:ns12="http://soa.com/uri/products/activity/script/xsd/1.0"><ns2:ScriptedActivity xmlns="http://soa.com/uri/products/activity/audit/xsd/1.0" xmlns:ns11="http://soa.com/uri/products/activity/script/xsd/1.0" xmlns:ns2="http://soa.com/uri/products/activity/script/xsd/1.0" xmlns:ns3="http://soa.com/uri/products/activity/stripxml/xsd/1.0" xmlns:ns4="http://soa.com/uri/products/activity/xform/xsd/1.0" xmlns:ns5="http://soa.com/uri/products/activity/process/xsd/1.0" xmlns:ns6="http://soa.com/uri/products/activity/insertxml/xsd/1.0" xmlns:ns7="http://soa.com/uri/products/activity/insertcontent/xsd/1.0"><ns11:Language>js</ns11:Language><ns11:Script>throw "the File and/or Path are incorrect and cannot be found on Box";</ns11:Script></ns2:ScriptedActivity></ns10:Activity></ns10:Activities><partnerLinks><partnerLink myRole="Consumer" name="Box_Content_API_PortTypePartnerLink" partnerLinkType="ns12:Box_Content_API_PortTypeConsumer" xmlns:ns12="http://soa.com/processs"/><partnerLink myRole="Consumer" name="Activity" partnerLinkType="ns12:ActivityPortTypeConsumer" xmlns:ns12="http://soa.com/processs"/></partnerLinks><variables><variable messageType="ns12:ActivityMessage" name="message" xmlns:ns12="http://soa.com/process/activity"/><variable messageType="ns12:ActivityMessage" name="fault" xmlns:ns12="http://soa.com/process/activity"/><variable messageType="ns12:ActivityMessage" name="BoxMessage" xmlns:ns12="http://soa.com/process/activity"/><variable messageType="ns12:ActivityMessage" name="BoxResponse" xmlns:ns12="http://soa.com/process/activity"/><variable messageType="ns12:ActivityMessage" name="BoxSearch" xmlns:ns12="http://soa.com/process/activity"/><variable messageType="ns12:ActivityMessage" name="BoxSearchResponse" xmlns:ns12="http://soa.com/process/activity"/><variable defaultValue="" name="FileContent" type="xs:string" xmlns:xs="http://www.w3.org/2001/XMLSchema"/><variable defaultValue="" name="path" type="xs:string" xmlns:xs="http://www.w3.org/2001/XMLSchema"/><variable defaultValue="" name="MCContent" type="xs:string" xmlns:xs="http://www.w3.org/2001/XMLSchema"/></variables><sequence><invoke inputVariable="message" name="ConfigFileSearch" operation="invoke" outputVariable="message" partnerLink="Activity" portType="ns10:ActivityPortType"><ns2:InvocationExt endpoint="ConfigFileSearch" propagateExchange="true" service="ns10:ActivityService"/></invoke><invoke inputVariable="BoxSearch" name="search for file" operation="GET__search" outputVariable="BoxSearchResponse" partnerLink="Box_Content_API_PortTypePartnerLink" portType="ns12:Box_Content_API_PortType" xmlns:ns12="https://api.box.com/2.0"><ns2:InvocationExt service="ns13:Box_Content_API_vs0" xmlns:ns13="https://api.box.com/2.0/hook"><ns2:Audit/></ns2:InvocationExt></invoke><invoke inputVariable="message" name="StoreFileID" operation="invoke" outputVariable="message" partnerLink="Activity" portType="ns10:ActivityPortType"><ns2:InvocationExt endpoint="StoreFileID" propagateExchange="true" service="ns10:ActivityService"/></invoke><switch name="Branch1" ns2:expressionLanguage="js"><case condition="&lt;?xml version=&quot;1.0&quot; encoding=&quot;UTF-8&quot; standalone=&quot;yes&quot;?>&lt;Script xmlns=&quot;http://soa.com/capabilities/service/scripting&quot;>&lt;Language>js&lt;/Language>&lt;Source>var id = String(processContext.getVariable(&quot;FileID&quot;));&#xa;id != &quot;-1&quot;;&lt;/Source>&lt;/Script>" ns2:inputVariable="" ns2:label="GotFileID"><sequence><invoke inputVariable="message" name="ConfigFileGet" operation="invoke" outputVariable="message" partnerLink="Activity" portType="ns10:ActivityPortType"><ns2:InvocationExt endpoint="ConfigFileGet" propagateExchange="true" service="ns10:ActivityService"/></invoke><invoke inputVariable="BoxMessage" name="GetFileContents" operation="GET__files__id__content" outputVariable="BoxResponse" partnerLink="Box_Content_API_PortTypePartnerLink" portType="ns12:Box_Content_API_PortType" xmlns:ns12="https://api.box.com/2.0"><ns2:InvocationExt service="ns13:Box_Content_API_vs0" xmlns:ns13="https://api.box.com/2.0/hook"><ns2:Audit/></ns2:InvocationExt></invoke><invoke inputVariable="message" name="CacheFileContents" operation="invoke" outputVariable="message" partnerLink="Activity" portType="ns10:ActivityPortType"><ns2:InvocationExt endpoint="CacheFileContents" propagateExchange="true" service="ns10:ActivityService"/></invoke><invoke inputVariable="message" name="getCachedContents" operation="invoke" outputVariable="message" partnerLink="Activity" portType="ns10:ActivityPortType"><ns2:InvocationExt endpoint="getCachedContents" propagateExchange="true" service="ns10:ActivityService"/></invoke><invoke inputVariable="message" name="CreateMailChimpContent" operation="invoke" outputVariable="message" partnerLink="Activity" portType="ns10:ActivityPortType"><ns2:InvocationExt endpoint="CreateMailChimpContent" propagateExchange="true" service="ns10:ActivityService"/></invoke></sequence></case><otherwise><sequence><invoke inputVariable="message" name="ThrowNoIDError" operation="invoke" outputVariable="message" partnerLink="Activity" portType="ns10:ActivityPortType"><ns2:InvocationExt endpoint="ThrowNoIDError" propagateExchange="true" service="ns10:ActivityService"/></invoke></sequence></otherwise></switch></sequence></process>