<?xml version="1.0" encoding="UTF-8"?>
<ActivityGraph xmlns="http://soa.com/uri/products/activity/graph/xsd/1.0"><PositionElements><Position ActivityName="saveAuthKeys"><XPosition>90</XPosition><YPosition>90</YPosition></Position><Position ActivityName="GetListId"><XPosition>220</XPosition><YPosition>90</YPosition></Position><Position ActivityName="GetBoxContents"><XPosition>370</XPosition><YPosition>90</YPosition></Position><Position ActivityName="UploadToMailChimp"><XPosition>530</XPosition><YPosition>90</YPosition></Position><Position ActivityName="ReturnResult"><XPosition>690</XPosition><YPosition>90</YPosition></Position></PositionElements></ActivityGraph>