<?xml version="1.0" encoding="UTF-8"?>
<ActivityGraph xmlns="http://soa.com/uri/products/activity/graph/xsd/1.0"><PositionElements><Position ActivityName="ConfigFileSearch"><XPosition>70</XPosition><YPosition>130</YPosition></Position><Position ActivityName="search for file"><XPosition>200</XPosition><YPosition>130</YPosition></Position><Position ActivityName="StoreFileID"><XPosition>330</XPosition><YPosition>130</YPosition></Position><Position ActivityName="Branch1"><XPosition>450</XPosition><YPosition>130</YPosition></Position><Position ActivityName="ConfigFileGet"><XPosition>440</XPosition><YPosition>240</YPosition></Position><Position ActivityName="GetFileContents"><XPosition>570</XPosition><YPosition>240</YPosition></Position><Position ActivityName="CacheFileContents"><XPosition>690</XPosition><YPosition>240</YPosition></Position><Position ActivityName="getCachedContents"><XPosition>810</XPosition><YPosition>240</YPosition></Position><Position ActivityName="CreateMailChimpContent"><XPosition>940</XPosition><YPosition>240</YPosition></Position><Position ActivityName="ThrowNoIDError"><XPosition>570</XPosition><YPosition>130</YPosition></Position></PositionElements></ActivityGraph>