<?xml version="1.0" encoding="UTF-8"?>
<process name="GetMailChimpListId" ns11:description="" ns11:name="GetMailChimpListId" ns11:orgKey="uddi:ca342d69-ed49-11e4-b945-869d084cbfc5" ns2:processKey="bpel:884ce085-ee19-11e4-b945-869d084cbfc5" targetNamespace="http://soa.com/processs" xmlns="http://schemas.xmlsoap.org/ws/2003/03/business-process/" xmlns:ns10="http://soa.com/capabilities/service/virtualization/bpel/activity" xmlns:ns11="http://soa.com/bpel/export" xmlns:ns2="http://soa.com/bpel/ext" xmlns:ns3="http://soa.com/capabilities/service/virtualization/bpel" xmlns:ns4="http://schemas.xmlsoap.org/ws/2006/02/addressingidentity" xmlns:ns5="http://www.w3.org/2000/09/xmldsig#" xmlns:ns6="http://docs.oasis-open.org/wss/2004/01/oasis-200401-wss-wssecurity-secext-1.0.xsd" xmlns:ns7="http://docs.oasis-open.org/wss/2004/01/oasis-200401-wss-wssecurity-utility-1.0.xsd" xmlns:ns8="http://schemas.xmlsoap.org/ws/2004/09/mex" xmlns:ns9="http://schemas.xmlsoap.org/ws/2003/05/partner-link/"><ns9:partnerLinkType name="ActivityPortTypeConsumer"><ns9:role name="Consumer"><ns9:portType name="ns10:ActivityPortType"/></ns9:role></ns9:partnerLinkType><ns10:Activities><ns10:Activity ActivityType="ns12:ScriptedActivity" LastUpdated="1430277962174" Name="ConfigListList" xmlns:ns12="http://soa.com/uri/products/activity/script/xsd/1.0"><ns2:ScriptedActivity xmlns="http://soa.com/uri/products/activity/audit/xsd/1.0" xmlns:ns11="http://soa.com/uri/products/activity/script/xsd/1.0" xmlns:ns2="http://soa.com/uri/products/activity/script/xsd/1.0" xmlns:ns3="http://soa.com/uri/products/activity/stripxml/xsd/1.0" xmlns:ns4="http://soa.com/uri/products/activity/xform/xsd/1.0" xmlns:ns5="http://soa.com/uri/products/activity/process/xsd/1.0" xmlns:ns6="http://soa.com/uri/products/activity/insertxml/xsd/1.0" xmlns:ns7="http://soa.com/uri/products/activity/insertcontent/xsd/1.0"><ns11:Language>js</ns11:Language><ns11:Script>// *************************************************************
// *************************************************************
// **
// **  HTTP request configuration Script
// **
// **  Creates the Message Object to be used by the MailChimp API Hook
// **	 to get the details of the list of prospects
// **
// *************************************************************
// *************************************************************
auditLog.debug("Start Config MailChimp List list");

//Create new message for invoke
var mailList = msgFactory.create();

var key = processContext.getVariable("MailKey");
auditLog.debug("authKey is: "+key);

var content = JSON.parse('{"apikey":"'+processContext.getVariable("APIKey")+'","filters": {"list_name": "'+processContext.getVariable("ListName")+'"}}');
auditLog.debug("content is: "+JSON.stringify(content));

mailList.setStringContent(JSON.stringify(content));

headers = mailList.createTransportHeaders();
headers.add("authKey",key);

processContext.setVariable("MailListRequest", mailList);

auditLog.debug("Done Config MailChimp List list");</ns11:Script></ns2:ScriptedActivity></ns10:Activity><ns10:Activity ActivityType="ns12:ScriptedActivity" LastUpdated="1430277962174" Name="SaveListId" xmlns:ns12="http://soa.com/uri/products/activity/script/xsd/1.0"><ns2:ScriptedActivity xmlns="http://soa.com/uri/products/activity/audit/xsd/1.0" xmlns:ns11="http://soa.com/uri/products/activity/script/xsd/1.0" xmlns:ns2="http://soa.com/uri/products/activity/script/xsd/1.0" xmlns:ns3="http://soa.com/uri/products/activity/stripxml/xsd/1.0" xmlns:ns4="http://soa.com/uri/products/activity/xform/xsd/1.0" xmlns:ns5="http://soa.com/uri/products/activity/process/xsd/1.0" xmlns:ns6="http://soa.com/uri/products/activity/insertxml/xsd/1.0" xmlns:ns7="http://soa.com/uri/products/activity/insertcontent/xsd/1.0"><ns11:Language>js</ns11:Language><ns11:Script>// *************************************************************
// *************************************************************
// **
// **  store the List ID
// **
// *************************************************************
// *************************************************************
auditLog.debug("start store MailChimp List ID");

var msg = processContext.getVariable("MailListResponse");

var content = JSON.parse(msg.getContentAsString());
var id = content.data[0].id;
auditLog.debug("the list id is: " + id);

if ( id != null || id || undefined){
	processContext.setVariable("ListID", id);
} else {
	processContext.setVariable("ListID", "-1");
};

auditLog.debug("end store MailChimp List ID");</ns11:Script></ns2:ScriptedActivity></ns10:Activity></ns10:Activities><ns9:partnerLinkType name="Mail_Chimp_API_PortTypeConsumer"><ns9:role name="Consumer"><ns9:portType name="ns12:Mail_Chimp_API_PortType" xmlns:ns12="https://dc.api.mailchimp.com/2.0"/></ns9:role></ns9:partnerLinkType><partnerLinks><partnerLink myRole="Consumer" name="Activity" partnerLinkType="ns12:ActivityPortTypeConsumer" xmlns:ns12="http://soa.com/processs"/><partnerLink myRole="Consumer" name="Mail_Chimp_API_PortTypePartnerLink" partnerLinkType="ns12:Mail_Chimp_API_PortTypeConsumer" xmlns:ns12="http://soa.com/processs"/></partnerLinks><variables><variable messageType="ns12:ActivityMessage" name="message" xmlns:ns12="http://soa.com/process/activity"/><variable messageType="ns12:ActivityMessage" name="fault" xmlns:ns12="http://soa.com/process/activity"/><variable messageType="ns12:ActivityMessage" name="MailListRequest" xmlns:ns12="http://soa.com/process/activity"/><variable messageType="ns12:ActivityMessage" name="MailListResponse" xmlns:ns12="http://soa.com/process/activity"/></variables><sequence><invoke inputVariable="message" name="ConfigListList" operation="invoke" outputVariable="message" partnerLink="Activity" portType="ns10:ActivityPortType"><ns2:InvocationExt endpoint="ConfigListList" propagateExchange="true" service="ns10:ActivityService"/></invoke><invoke inputVariable="MailListRequest" name="ListMailChimpList" operation="POST__lists_list.json" outputVariable="MailListResponse" partnerLink="Mail_Chimp_API_PortTypePartnerLink" portType="ns12:Mail_Chimp_API_PortType" xmlns:ns12="https://dc.api.mailchimp.com/2.0"><ns2:InvocationExt service="ns12:Mail_Chimp_API_vs0"><ns2:Audit/></ns2:InvocationExt></invoke><invoke inputVariable="message" name="SaveListId" operation="invoke" outputVariable="message" partnerLink="Activity" portType="ns10:ActivityPortType"><ns2:InvocationExt endpoint="SaveListId" propagateExchange="true" service="ns10:ActivityService"/></invoke></sequence></process>